Race #,WPM,Accuracy,Rank,# Racers,Text ID,Date/Time (UTC)
1,42,0.94,3,5,4070188,2020-07-03 14:48:31
2,53,0.97,1,5,3811281,2020-07-03 14:49:40
3,57,0.97,2,5,230,2020-07-03 14:51:31
4,50,0.97,3,4,3100020,2020-07-03 14:54:08
5,51,0.95,3,5,700,2020-07-03 14:57:17
6,51,0.97,1,5,3810214,2020-07-03 14:58:44
7,51,0.96,4,4,4060155,2020-07-04 01:04:14
8,49,0.97,4,5,3620374,2020-07-04 01:13:39
9,40,0.97,5,5,4350364,2020-07-04 07:32:11
10,59,0.97,2,3,4180782,2020-07-04 07:33:15
11,58,0.96,3,5,4180859,2020-07-04 07:34:38
12,45,0.94,3,3,4350419,2020-07-04 07:37:14
13,42,0.95,5,5,3622392,2020-07-04 07:42:09
14,50,0.96,3,5,318,2020-07-04 07:43:17
15,36,0.92,4,4,3550672,2020-07-05 08:40:33
16,46,0.94,3,5,3622208,2020-07-05 08:42:12
17,49,0.94,2,5,4350344,2020-07-05 08:43:27
18,54,0.96,1,5,3622265,2020-07-05 08:45:08
19,47,0.93,4,5,4350066,2020-07-05 08:45:42
20,54,0.97,1,3,554,2020-07-05 08:46:39
21,55,0.97,4,5,4180306,2020-07-05 08:49:38
22,55,0.97,1,5,4350367,2020-07-05 08:50:43
23,57,0.96,2,5,3550800,2020-07-05 08:52:51
24,54,0.97,3,5,3811107,2020-07-05 08:53:57
25,52,0.96,4,5,4180313,2020-07-05 08:56:40
26,45,0.96,5,5,4060256,2020-07-05 08:58:10
27,49,0.95,2,5,4060120,2020-07-05 08:59:46
28,45,0.96,3,5,3810829,2020-07-05 09:01:28
29,50,0.94,4,5,3950013,2020-07-05 09:02:22
30,54,0.95,2,5,3550790,2020-07-05 09:03:42
31,55,0.97,1,4,3100063,2020-07-05 09:05:38
32,55,0.97,4,5,3100043,2020-07-05 09:07:16
33,48,0.96,4,5,4180222,2020-07-05 09:08:57
34,55,0.97,1,4,3811102,2020-07-05 09:09:52
35,57,0.97,1,4,3550426,2020-07-05 09:11:16
36,55,0.96,1,4,4180751,2020-07-05 09:12:59
37,48,0.94,4,5,3100092,2020-07-05 09:14:34
38,63,0.98,1,5,3641259,2020-07-05 09:15:11
39,59,0.94,2,5,4180518,2020-07-05 09:16:01
40,55,0.95,3,5,3640375,2020-07-06 10:54:18
41,53,0.96,3,5,3640999,2020-07-06 10:56:41
42,56,0.96,2,4,134,2020-07-06 10:57:47
43,49,0.93,3,5,3550127,2020-07-06 10:58:57
44,66,0.96,1,3,4180722,2020-07-06 11:00:02
45,41,0.95,3,5,3811048,2020-07-08 07:08:10
46,54,0.95,4,5,3620000,2020-07-08 07:09:34
47,53,0.95,5,5,3811452,2020-07-08 07:10:41
48,52,0.95,3,5,3641199,2020-07-08 07:11:29
49,53,0.95,3,5,4180274,2020-07-08 07:12:33
50,54,0.96,3,5,3810821,2020-07-08 07:13:47
51,60,0.95,1,4,573,2020-07-08 07:14:34
52,54,0.95,2,5,4180320,2020-07-08 07:16:09
53,62,0.97,1,5,3550803,2020-07-08 07:16:47
54,54,0.95,2,5,20,2020-07-08 07:18:06
55,60,0.95,1,5,3551129,2020-07-08 07:18:43
56,57,0.96,1,5,4180534,2020-07-08 07:20:11
57,46,0.94,3,4,4060247,2020-07-08 07:21:19
58,54,0.95,5,5,3640439,2020-07-08 07:22:17
59,67,0.97,1,5,3811411,2020-07-08 07:23:41
60,47,0.94,4,5,3620633,2020-07-08 07:24:59
61,58,0.97,2,5,3950045,2020-07-08 07:26:07
62,55,0.95,2,5,360,2020-07-08 07:27:32
63,55,0.96,1,3,4180791,2020-07-08 07:29:17
64,60,0.96,2,5,3810427,2020-07-08 07:31:43
65,60,0.95,1,5,3622462,2020-07-08 07:33:26
66,65,0.97,1,5,3550352,2020-07-08 07:34:42
67,53,0.96,4,5,3640681,2020-07-08 10:37:31
68,51,0.96,4,5,399,2020-07-08 13:03:04
69,58,0.95,5,5,4180529,2020-07-08 13:04:37
70,52,0.96,2,5,4180423,2020-07-08 13:05:57
71,62,0.97,5,5,694,2020-07-08 13:06:47
72,56,0.96,4,5,4350075,2020-07-08 13:08:42
73,48,0.95,4,5,3810395,2020-07-08 13:09:35
74,56,0.97,2,5,3810914,2020-07-08 13:10:44
75,53,0.97,4,5,3621809,2020-07-09 02:19:34
76,59,0.96,3,5,4180505,2020-07-09 02:20:55
77,55,0.96,5,5,4070228,2020-07-09 02:21:41
78,53,0.96,4,5,4180846,2020-07-09 02:23:17
79,56,0.95,3,5,3641067,2020-07-09 02:24:59
80,53,0.94,4,5,3640961,2020-07-09 02:27:12
81,67,0.96,1,5,4070113,2020-07-09 02:28:26
82,51,0.93,4,5,3640970,2020-07-10 11:37:45
83,43,0.96,5,5,4060038,2020-07-10 11:38:36
84,55,0.96,2,4,3811369,2020-07-10 11:39:47
85,49,0.95,5,5,3810843,2020-07-10 11:41:59
86,56,0.96,3,5,4350447,2020-07-10 11:42:55
87,67,0.99,1,4,3550911,2020-07-10 11:43:36
88,70,0.97,1,5,4060220,2020-07-10 11:44:39
89,57,0.96,2,5,4180356,2020-07-11 02:04:31
90,61,0.95,3,5,3810400,2020-07-11 02:05:36
91,57,0.96,3,5,4180427,2020-07-11 02:07:22
92,47,0.94,1,5,4060285,2020-07-11 02:09:05
93,67,0.97,2,4,3620234,2020-07-11 02:09:57
94,53,0.94,2,5,3550000,2020-07-11 02:10:57
95,57,0.95,1,5,4180025,2020-07-11 02:11:46
96,51,0.95,3,5,3641210,2020-07-11 04:11:23
97,61,0.96,2,5,3550349,2020-07-11 04:16:51
98,68,0.98,1,5,3810200,2020-07-11 04:18:04
99,59,0.96,2,5,3620597,2020-07-12 02:26:37
100,47,0.94,4,5,4060124,2020-07-12 02:49:14
101,57,0.96,4,5,316,2020-07-12 02:50:29
102,58,0.96,2,5,4350256,2020-07-13 09:59:36
103,56,0.94,4,5,3550431,2020-07-13 10:00:53
104,61,0.96,4,4,3100070,2020-07-13 10:03:39
105,59,0.96,3,5,4180394,2020-07-13 23:47:17
106,55,0.95,3,5,3810169,2020-07-13 23:50:04
107,56,0.94,4,4,3811019,2020-07-13 23:51:05
108,63,0.97,2,4,4070157,2020-07-13 23:52:09
109,51,0.94,4,5,3622391,2020-07-13 23:54:14
110,62,0.97,5,5,4180350,2020-07-13 23:55:22
111,52,0.93,1,4,97,2020-07-13 23:56:26
112,59,0.96,2,5,3620000,2020-07-13 23:57:42
113,55,0.94,2,5,3550306,2020-07-13 23:58:55
114,54,0.96,3,5,3641347,2020-07-14 00:01:08
115,66,0.96,1,5,4180311,2020-07-15 06:24:34
116,66,0.95,4,5,3550101,2020-07-15 06:25:45
117,67,0.97,1,4,4350376,2020-07-15 06:27:38
118,62,0.96,1,5,3810568,2020-07-15 06:53:12
119,54,0.96,3,5,3810760,2020-07-15 10:48:35
120,58,0.95,1,4,4350089,2020-07-15 10:49:52
121,44,0.95,4,5,4060037,2020-07-15 10:51:11
122,61,0.96,3,5,4060113,2020-07-15 10:53:17
123,56,0.95,5,5,3622399,2020-07-15 10:54:53
124,50,0.95,4,4,627,2020-07-15 10:56:09
125,73,0.98,2,5,3700016,2020-07-15 10:57:22
126,64,0.96,2,4,3622199,2020-07-15 10:59:01
127,72,0.97,1,4,3620450,2020-07-15 11:00:18
128,70,0.97,2,5,294,2020-07-15 11:01:14
129,70,0.97,1,4,4350331,2020-07-15 11:02:24
130,69,0.96,3,4,3641073,2020-07-15 11:03:50
131,65,0.96,3,4,4350195,2020-07-16 00:29:55
132,67,0.96,4,5,4180525,2020-07-16 00:31:45
133,68,0.96,1,5,3640523,2020-07-16 00:34:16
134,64,0.95,2,5,3640916,2020-07-16 00:39:16
135,54,0.96,4,4,3640807,2020-07-16 09:15:34
136,57,0.95,3,5,3810357,2020-07-16 09:19:01
137,68,0.97,3,5,582,2020-07-16 09:20:28
138,74,0.96,2,5,4070179,2020-07-16 09:21:35
139,61,0.95,4,5,3810372,2020-07-16 09:23:09
140,69,0.98,2,4,3640371,2020-07-16 09:23:48
141,74,0.97,1,5,4180494,2020-07-16 09:24:53
142,71,0.96,2,5,4070150,2020-07-16 09:27:04
143,61,0.96,4,5,3640923,2020-07-16 09:27:56
144,62,0.96,3,4,3640761,2020-07-16 09:29:23
145,56,0.94,4,5,3810836,2020-07-16 09:30:39
146,74,0.97,1,3,3621132,2020-07-16 09:31:57
147,65,0.96,3,5,26,2020-07-16 09:33:18
148,65,0.96,4,5,119,2020-07-16 09:34:18
149,62,0.96,3,5,3810842,2020-07-17 00:05:31
150,58,0.97,5,5,3640315,2020-07-17 00:06:22
151,60,0.96,4,5,4180163,2020-07-17 00:18:11
152,66,0.96,3,5,3550133,2020-07-17 00:19:45
153,67,0.96,3,5,3620041,2020-07-17 00:20:52
154,50,0.94,3,5,4180240,2020-07-17 00:22:09
155,39,0.97,4,5,3810579,2020-07-17 00:24:04
156,68,0.97,4,5,3550619,2020-07-19 02:14:42
157,71,0.97,1,4,4180711,2020-07-19 02:15:49
158,61,0.96,2,5,3811065,2020-07-19 02:21:14
159,64,0.98,1,5,3640829,2020-07-19 02:21:56
160,57,0.96,2,5,4060139,2020-07-19 02:22:56
161,61,0.95,2,5,772,2020-07-19 02:23:55
162,59,0.95,5,5,3641368,2020-07-19 02:25:46
163,66,0.97,4,5,3640160,2020-07-19 02:26:29
164,71,0.98,5,5,3810426,2020-07-23 04:18:21
165,54,0.95,5,5,3810180,2020-07-23 04:20:23
166,50,0.93,4,5,3640231,2020-07-26 09:24:35
167,68,0.97,1,5,3620186,2020-07-26 09:25:30
168,65,0.97,3,5,4070291,2020-07-26 09:26:39
169,59,0.95,1,5,3641244,2020-07-26 09:27:43
170,60,0.95,2,4,3622278,2020-07-26 09:29:06
171,66,0.97,3,5,3640398,2020-07-26 10:05:02
172,55,0.94,4,5,3550450,2020-07-26 10:08:55
173,68,0.96,4,5,3640848,2020-07-26 10:10:23
174,61,0.96,3,5,3641074,2020-07-26 10:13:19
175,65,0.96,2,5,110,2020-07-27 10:29:56
176,78,0.98,3,5,571,2020-07-27 10:31:13
177,59,0.96,2,5,3550005,2020-07-28 01:39:57
178,58,0.94,5,5,3550944,2020-07-28 01:46:05
179,59,0.95,3,4,3811216,2020-07-28 01:47:18
180,54,0.95,4,5,3641061,2020-07-28 04:49:13
181,62,0.96,3,4,3810631,2020-07-29 10:57:48
182,68,0.97,2,4,4350271,2020-07-29 11:06:50
183,62,0.96,1,5,4060125,2020-07-29 11:08:05
184,66,0.95,2,4,4350519,2020-07-29 11:08:55
185,57,0.95,2,5,3810954,2020-07-29 11:09:41
186,60,0.97,2,5,3550318,2020-07-29 11:10:23
187,62,0.96,2,5,3100004,2020-07-29 11:11:40
188,64,0.96,2,5,3622420,2020-07-29 11:14:00
189,75,0.97,2,5,3810189,2020-07-29 11:14:51
190,79,0.97,1,5,3641401,2020-07-29 11:15:25
191,58,0.94,3,5,3810624,2020-07-29 12:08:25
192,66,0.96,2,5,3620624,2020-07-29 12:09:22
193,63,0.96,3,4,3100021,2020-07-29 12:12:40
194,60,0.95,1,5,3810010,2020-08-07 08:32:24
195,69,0.97,3,5,3550148,2020-08-07 08:42:06
196,50,0.94,4,5,3810806,2020-08-07 08:44:18
197,59,0.96,3,5,4180311,2020-08-07 08:50:10
198,80,0.98,2,5,3550592,2020-08-07 08:51:09
199,45,0.96,5,5,4070099,2020-08-07 09:04:44
200,77,0.98,1,5,4070196,2020-08-07 13:41:07
201,68,0.96,3,5,3810433,2020-08-07 13:43:24
202,75,0.97,1,5,3621383,2020-08-07 13:44:28
203,60,0.96,2,5,3641262,2020-08-17 14:44:06
204,54,0.92,1,5,4180724,2020-08-18 12:49:59
205,60,0.95,3,4,3641230,2020-08-18 12:52:15
206,63,0.96,4,5,342,2020-08-18 13:00:59
207,64,0.96,3,5,3810050,2020-08-18 13:02:04
208,58,0.94,4,5,296,2020-08-18 13:07:25
209,70,0.97,2,5,3620257,2020-08-18 13:12:58
210,67,0.97,3,5,3100053,2020-08-18 13:14:04
211,59,0.95,3,5,3550820,2020-08-18 13:15:54
212,69,0.97,3,5,4180711,2020-08-18 13:16:48
213,65,0.96,2,5,3620169,2020-08-18 13:18:25
214,68,0.95,1,4,3810484,2020-08-18 13:19:18
215,60,0.96,2,5,3811251,2020-08-19 12:59:16
216,61,0.95,3,5,3100051,2020-08-19 13:00:26
217,67,0.96,3,5,4070293,2020-08-19 13:02:07
218,65,0.95,2,5,3640128,2020-08-26 07:33:59
219,54,0.94,4,5,3810172,2020-09-01 13:27:19
220,78,0.97,2,5,4070174,2020-09-01 13:28:01
221,67,0.97,1,5,4350100,2020-09-01 13:28:37
222,66,0.97,2,5,4060148,2020-09-01 13:29:19
223,66,0.96,1,5,4350341,2020-09-01 13:30:11
224,64,0.96,1,5,3640238,2020-09-01 13:31:09
225,56,0.95,3,4,3641204,2020-09-01 13:34:28
226,72,0.97,2,5,3621030,2020-09-01 13:35:07
227,75,0.99,2,3,3811312,2020-09-01 13:36:11
228,68,0.97,1,2,3811403,2020-09-01 13:37:35
229,61,0.96,4,5,4180124,2020-09-01 13:38:21
230,62,0.94,3,5,3620453,2020-09-01 13:39:15
231,65,0.96,1,5,3640990,2020-09-01 13:40:25
232,69,0.97,2,5,3810832,2020-09-01 13:41:38
233,63,0.96,1,5,4180747,2020-09-01 13:43:12
234,75,0.97,4,5,3640378,2020-09-01 13:43:56
235,71,0.97,2,5,3620174,2020-09-01 13:45:45
236,74,0.97,2,5,4180529,2020-09-01 13:47:19
237,55,0.96,4,5,3810087,2020-09-03 11:26:25
238,67,0.96,2,4,3622422,2020-09-04 04:48:38
239,61,0.94,3,5,4060224,2020-09-04 04:49:53
240,42,0.97,5,5,4180294,2020-09-04 04:51:05
241,63,0.96,1,4,4180539,2020-09-04 04:59:32
242,57,0.95,3,5,3640787,2020-09-05 02:04:21
243,67,0.97,2,5,3810892,2020-09-05 02:05:21
244,70,0.96,2,5,544,2020-09-05 02:06:11
245,65,0.95,3,5,3550108,2020-09-05 02:07:08
246,67,0.96,1,5,3810550,2020-09-05 02:08:12
247,63,0.96,2,5,4180031,2020-09-05 02:09:14
248,64,0.96,2,5,3810358,2020-09-05 02:10:20
249,72,0.97,3,4,3810097,2020-09-05 02:11:45
250,67,0.97,2,5,4180758,2020-09-05 02:12:38
251,63,0.95,3,5,4180368,2020-09-05 02:13:48
252,57,0.94,3,5,4350450,2020-09-05 02:19:19
253,63,0.96,3,5,4060039,2020-09-11 14:20:34
254,71,0.96,2,5,3550406,2020-09-11 14:21:36
255,69,0.96,3,5,153,2020-09-11 14:22:44
256,54,0.94,4,5,3811378,2020-09-11 14:29:31
257,66,0.97,3,4,3550528,2020-09-11 14:30:50
258,68,0.96,1,4,4350588,2020-09-11 14:31:53
259,67,0.97,2,5,3550747,2020-09-11 15:09:13
260,60,0.95,2,5,3550431,2020-09-11 15:10:23
261,55,0.95,2,4,27,2020-09-11 15:11:22
262,61,0.94,3,5,3640744,2020-09-11 15:12:35
263,64,0.96,2,5,3621940,2020-09-11 15:13:53
264,63,0.95,3,5,96,2020-09-13 12:17:55
265,62,0.96,4,5,4060290,2020-09-13 12:18:28
266,64,0.96,2,3,3810389,2020-09-13 12:19:26
267,65,0.96,3,5,4060121,2020-09-13 12:20:26
268,67,0.95,4,4,4350329,2020-09-13 12:21:08
269,69,0.96,2,5,3622295,2020-09-13 12:24:50
270,78,0.98,2,5,4070268,2020-09-13 12:29:18
271,77,0.97,4,5,3100031,2020-09-13 12:30:59
272,72,0.96,4,5,4180193,2020-09-13 12:33:24
273,72,0.97,5,5,3620688,2020-09-15 10:51:24
274,72,0.97,4,5,66,2020-09-15 12:14:03
275,69,0.98,2,5,4350153,2020-09-15 12:16:46
276,60,0.94,2,5,760,2020-09-15 12:17:51
277,73,0.98,1,5,3811389,2020-09-15 12:19:44
278,74,0.97,1,5,3810410,2020-09-19 12:34:16
279,75,0.96,4,5,3641046,2020-09-19 12:35:32
280,56,0.95,4,5,3810911,2020-09-19 12:36:28
281,76,0.97,3,5,3622406,2020-09-19 12:37:30
282,60,0.96,4,5,4070266,2020-09-20 07:37:00
283,68,0.97,2,5,3641212,2020-09-20 07:38:04
284,67,0.96,1,5,620,2020-09-23 17:48:50
285,74,0.98,3,5,4180565,2020-09-23 17:50:09
286,56,0.93,4,5,3621049,2020-09-23 19:30:35
287,58,0.94,5,5,3641036,2020-09-23 19:31:49
288,77,0.97,4,4,4350287,2020-09-23 19:33:08
289,62,0.95,5,5,3641419,2020-09-23 19:34:48
290,65,0.96,2,5,3640872,2020-09-23 20:54:25
291,72,0.97,1,5,294,2020-09-23 20:55:21
292,59,0.94,3,5,3810855,2020-09-23 20:56:18
293,67,0.95,3,5,4060035,2020-09-23 20:57:19
294,60,0.95,3,4,3622367,2020-09-23 20:58:07
295,69,0.97,2,5,4180655,2020-09-23 20:59:11
296,77,0.98,1,5,3622377,2020-09-23 21:01:09
297,78,0.97,1,5,3810509,2020-09-23 21:02:04
298,67,0.95,1,5,3622066,2020-09-23 21:03:22
299,74,0.98,2,5,4060233,2020-09-23 21:04:05
300,67,0.96,4,5,544,2020-09-23 21:04:55
301,74,0.98,2,5,3100018,2020-09-23 21:07:18
302,65,0.95,2,5,3810062,2020-09-23 21:08:44
303,69,0.96,5,5,3810478,2020-09-24 19:08:48
304,59,0.95,3,5,3621246,2020-09-24 19:09:59
305,64,0.95,3,5,3811298,2020-09-24 19:11:15
306,73,0.97,2,5,3550268,2020-09-24 19:12:29
307,66,0.95,2,4,4180444,2020-09-24 19:13:51
308,70,0.96,3,5,3810796,2020-09-24 19:15:16
309,73,0.96,2,5,4350062,2020-09-24 19:16:21
310,72,0.97,3,5,4180650,2020-09-24 19:18:04
311,76,0.97,3,5,3621135,2020-09-24 19:19:06
312,74,0.97,3,5,3620979,2020-09-24 19:20:32
313,75,0.96,3,5,3550046,2020-09-24 19:21:55
314,68,0.96,3,5,3622445,2020-09-24 19:27:04
315,62,0.96,1,4,3550293,2020-09-25 09:26:23
316,74,0.97,4,5,4180690,2020-09-25 09:27:30
317,67,0.96,1,5,3641143,2020-09-25 09:29:01
318,86,0.99,2,5,197,2020-09-25 09:30:09
319,73,0.96,1,5,3810464,2020-09-25 09:33:33
320,59,0.93,1,5,3640339,2020-09-27 00:15:48
321,77,0.98,1,5,4350224,2020-09-28 18:22:22
322,66,0.94,1,5,625,2020-09-28 18:24:10
323,76,0.96,1,5,3810816,2020-09-28 18:24:59
324,69,0.96,1,5,3550224,2020-09-28 18:26:52
325,77,0.96,1,5,4180376,2020-09-28 18:28:30
326,75,0.96,2,5,3810965,2020-09-28 18:30:10
327,64,0.95,4,5,3550756,2020-09-28 22:55:34
328,68,0.96,1,5,3810990,2020-09-29 15:54:18
329,64,0.97,3,4,3811152,2020-09-29 15:55:12
330,75,0.98,3,5,4060115,2020-09-29 15:55:55
331,74,0.97,1,4,388,2020-09-29 15:57:24
332,75,0.96,1,5,308,2020-09-29 15:58:28
333,72,0.97,4,5,149,2020-09-29 15:59:49
334,76,0.98,2,5,51,2020-09-29 16:01:04
335,70,0.95,1,5,3810418,2020-09-29 16:05:25
336,78,0.97,3,5,4180285,2020-09-29 16:36:51
337,74,0.96,1,5,3810425,2020-09-29 16:38:39
338,72,0.96,1,5,4070254,2020-09-29 16:39:50
339,70,0.96,2,5,3622394,2020-09-29 16:41:45
340,81,0.97,1,5,4180592,2020-09-29 16:42:25
341,71,0.97,2,5,3621145,2020-09-29 16:43:57
342,75,0.96,3,5,3620625,2020-09-29 16:45:22
343,79,0.97,3,5,3640329,2020-09-29 16:46:14
344,70,0.97,3,4,3551767,2020-09-29 16:47:00
345,79,0.97,1,5,561,2020-09-29 16:48:51
346,68,0.94,3,5,3810478,2020-09-29 16:49:43
347,71,0.96,1,5,3810889,2020-09-29 16:51:28
348,65,0.96,2,5,3640329,2020-09-30 08:30:10
349,68,0.96,4,5,3640273,2020-09-30 14:30:14
350,68,0.96,1,5,374,2020-09-30 23:13:39
351,74,0.96,3,5,3622270,2020-09-30 23:15:04
352,75,0.96,3,5,4060186,2020-09-30 23:15:55
353,67,0.96,4,5,3621372,2020-09-30 23:17:06
354,54,0.95,1,2,3622166,2020-09-30 23:17:59
355,70,0.96,3,5,3950054,2020-10-01 08:55:21
356,88,1.00,1,5,4070272,2020-10-01 08:55:57
357,63,0.96,2,5,3811238,2020-10-01 08:57:18
358,72,0.96,3,5,3811019,2020-10-01 08:59:21
359,70,0.96,1,5,3100104,2020-10-01 09:00:09
360,65,0.95,3,5,4350595,2020-10-01 09:01:13
361,64,0.96,2,5,3640761,2020-10-01 09:02:40
362,81,0.97,3,5,3620010,2020-10-01 13:12:15
363,67,0.96,3,5,3622445,2020-10-01 13:14:07
364,77,0.97,2,5,3620625,2020-10-01 13:15:23
365,65,0.96,2,3,162,2020-10-01 13:16:50
366,89,0.98,4,5,664,2020-10-01 13:17:38
367,77,0.97,1,5,4180651,2020-10-01 13:20:00
368,71,0.96,3,5,3640849,2020-10-01 13:21:15
369,64,0.96,1,5,3640315,2020-10-01 13:23:05
370,72,0.96,3,5,3811384,2020-10-01 13:24:54
371,93,0.98,3,5,4180391,2020-10-01 13:25:51
372,66,0.95,4,4,3551211,2020-10-02 15:44:25
373,61,0.94,5,5,3810436,2020-10-04 13:51:33
374,78,0.97,1,5,4350332,2020-10-04 14:14:50
375,70,0.97,2,5,3811000,2020-10-04 14:27:09
376,67,0.96,4,5,135,2020-10-04 14:42:44
377,71,0.97,2,4,3640589,2020-10-04 14:44:16
378,72,0.96,2,3,3620632,2020-10-04 15:08:17
379,73,0.96,4,5,3811464,2020-10-04 15:09:43
380,69,0.96,3,5,3622274,2020-10-04 15:10:55
381,76,0.97,4,5,3810012,2020-10-04 15:11:41
382,67,0.95,2,3,494,2020-10-04 15:13:02
383,67,0.95,4,5,4180006,2020-10-04 15:14:18
384,85,0.99,1,5,4070223,2020-10-04 15:14:53
385,72,0.97,2,5,3100003,2020-10-05 11:02:30
386,67,0.97,3,5,3810252,2020-10-05 11:04:12
387,78,0.96,3,5,537,2020-10-05 11:05:09
388,57,0.96,2,5,3641030,2020-10-05 11:06:15
389,73,0.97,2,5,3550498,2020-10-05 11:08:01
390,88,0.97,1,5,3811404,2020-10-05 11:09:31
391,79,0.97,3,4,4180373,2020-10-05 11:10:34
392,78,0.96,3,5,4180190,2020-10-05 11:11:19
393,63,0.96,1,5,4180645,2020-10-05 11:12:16
394,72,0.97,2,5,3810401,2020-10-05 11:13:31
395,70,0.96,4,5,3550584,2020-10-05 11:14:31
396,70,0.96,4,5,3811051,2020-10-05 11:15:20
397,76,0.97,4,4,515,2020-10-05 11:16:35
398,70,0.96,4,5,4180375,2020-10-07 00:01:36
399,68,0.95,3,3,3622300,2020-10-07 00:03:26
400,68,0.96,3,4,3811460,2020-10-07 00:04:57
401,75,0.98,3,4,3810358,2020-10-08 22:58:15
402,73,0.96,3,5,3550822,2020-10-08 22:59:36
403,65,0.95,3,5,4350533,2020-10-08 23:00:49
404,63,0.95,5,5,4060256,2020-10-09 16:11:10
405,72,0.96,1,5,4180292,2020-10-09 16:11:53
406,77,0.96,2,4,789,2020-10-09 16:12:59
407,77,0.97,2,5,3810427,2020-10-09 16:15:08
408,68,0.96,2,5,3620273,2020-10-09 16:21:46
409,75,0.96,5,5,4060151,2020-10-09 22:20:59
410,68,0.96,1,4,3640681,2020-10-09 22:22:30
411,67,0.95,3,4,4180488,2020-10-09 22:24:18
412,84,0.97,1,5,4070076,2020-10-09 22:25:21
413,82,0.97,3,5,4070076,2020-10-09 22:26:35
414,73,0.96,1,5,3810086,2020-10-09 22:27:34
415,75,0.96,1,5,4350614,2020-10-09 22:28:57
416,79,0.96,1,5,3550701,2020-10-09 22:30:02
417,68,0.97,5,5,3550859,2020-10-09 22:30:57
418,71,0.96,2,5,3811206,2020-10-09 22:31:57
419,69,0.95,4,4,3810831,2020-10-09 22:33:00
420,76,0.97,4,5,246,2020-10-09 22:33:45
421,83,0.98,1,5,4350271,2020-10-09 22:35:10
422,76,0.97,5,5,4350072,2020-10-10 21:36:48
423,72,0.96,4,5,3550003,2020-10-10 21:40:45
424,83,0.97,1,5,3621065,2020-10-10 21:41:25
425,68,0.95,3,5,3811457,2020-10-10 21:42:23
426,75,0.95,1,5,4350170,2020-10-10 21:43:40
427,69,0.95,2,4,4070225,2020-10-10 21:47:13
428,84,0.99,2,5,3640196,2020-10-10 21:48:51
429,69,0.95,3,5,4350340,2020-10-10 21:50:34
430,85,0.97,3,5,3640130,2020-10-10 21:51:11
431,70,0.96,3,4,3810488,2020-10-10 21:52:23
432,60,0.95,4,5,3640074,2020-10-10 21:54:36
433,76,0.97,3,5,3550012,2020-10-10 21:55:40
434,71,0.96,1,5,3811058,2020-10-10 21:57:17
435,67,0.96,2,5,3810077,2020-10-11 17:11:17
436,68,0.96,1,5,3811347,2020-10-11 17:12:29
437,66,0.96,1,5,3640464,2020-10-11 17:13:14
438,60,0.94,3,5,3810122,2020-10-11 17:14:12
439,70,0.96,1,5,3810168,2020-10-11 17:15:09
440,73,0.96,2,5,4070290,2020-10-11 17:16:48
441,59,0.95,1,4,3622422,2020-10-11 17:18:05
442,92,0.98,1,5,3810338,2020-10-11 17:18:44
443,79,0.97,2,5,4070220,2020-10-11 17:19:59
444,71,0.95,2,5,3640395,2020-10-11 17:20:40
445,78,0.99,2,5,4070223,2020-10-11 17:21:15
446,86,0.98,1,5,3810065,2020-10-11 17:22:01
447,78,0.96,4,5,4180617,2020-10-11 17:22:35
448,73,0.96,3,5,51,2020-10-11 17:23:27
449,60,0.95,3,5,4060139,2020-10-11 17:24:38
450,74,0.96,1,5,3810976,2020-10-11 17:25:27
451,80,0.97,2,5,3810136,2020-10-11 17:26:39
452,75,0.97,1,5,3640560,2020-10-11 17:27:41
453,76,0.96,2,5,3640119,2020-10-11 17:28:21
454,65,0.94,2,5,3810164,2020-10-11 17:29:09
455,79,0.97,3,4,3550787,2020-10-11 17:30:36
456,64,0.96,3,5,3811130,2020-10-12 17:53:49
457,80,0.98,2,5,4060270,2020-10-12 18:03:50
458,82,0.96,2,5,3810959,2020-10-12 18:04:39
459,69,0.92,3,5,3621441,2020-10-12 18:05:16
460,70,0.97,4,5,355,2020-10-12 18:15:32
461,83,0.98,1,5,4180279,2020-10-12 18:17:06
462,74,0.96,2,5,3620282,2020-10-12 18:18:42
463,71,0.96,2,5,4180417,2020-10-12 18:20:23
464,75,0.97,1,5,3810767,2020-10-12 18:23:19
465,88,0.98,4,5,785,2020-10-12 18:23:57
466,76,0.97,4,5,4180108,2020-10-13 10:10:36
467,76,0.97,2,4,3810923,2020-10-13 10:12:07
468,77,0.96,2,5,3550849,2020-10-13 10:13:19
469,78,0.97,3,5,4180322,2020-10-13 10:14:10
470,77,0.96,2,4,4060105,2020-10-13 10:15:36
471,71,0.95,3,5,3622268,2020-10-13 10:17:09
472,77,0.95,1,5,3620229,2020-10-13 10:17:46
473,88,0.99,2,5,301,2020-10-13 10:18:26
474,65,0.93,3,4,4070347,2020-10-13 10:19:28
475,88,0.98,1,5,4070273,2020-10-13 10:20:07
476,77,0.96,1,4,3622261,2020-10-13 10:21:07
477,84,0.96,4,4,4350149,2020-10-13 10:22:10
478,81,0.97,4,5,3550496,2020-10-13 10:23:27
479,74,0.95,2,5,3641050,2020-10-13 10:24:51
480,73,0.97,2,5,3620746,2020-10-13 10:25:48
481,79,0.96,2,3,3620268,2020-10-13 10:27:04
482,74,0.96,3,5,65,2020-10-13 10:27:57
483,73,0.96,2,4,3810813,2020-10-13 10:29:37
484,73,0.95,3,5,4180008,2020-10-13 10:30:49
485,81,0.98,3,5,3100050,2020-10-13 10:31:27
486,74,0.96,1,4,3810102,2020-10-13 10:32:34
487,80,0.96,4,5,3640147,2020-10-14 16:31:06
488,73,0.98,2,4,3550832,2020-10-14 16:43:04
489,71,0.96,3,5,3810524,2020-10-14 16:44:19
490,72,0.95,2,4,4350395,2020-10-14 16:46:15
491,66,0.95,4,5,3620482,2020-10-14 16:47:41
492,68,0.95,2,4,3640978,2020-10-14 16:49:18
493,76,0.96,2,5,3620746,2020-10-14 16:51:52
494,84,0.97,4,5,3810896,2020-10-14 16:52:43
495,81,0.97,2,4,3641256,2020-10-14 16:53:38
496,69,0.96,4,5,4070072,2020-10-14 16:55:51
497,72,0.95,4,5,3810656,2020-10-14 16:56:49
498,73,0.98,1,5,316,2020-10-15 08:05:04
499,70,0.96,5,5,3622358,2020-10-15 08:05:44
500,71,0.96,1,5,703,2020-10-15 08:06:38
501,71,0.96,4,5,3640333,2020-10-15 08:07:20
502,66,0.95,1,5,3810149,2020-10-15 08:08:21
503,87,0.98,1,5,3620179,2020-10-15 08:09:19
504,75,0.96,1,5,4180369,2020-10-15 08:11:09
505,90,0.97,1,3,3810182,2020-10-15 08:12:59
506,71,0.95,3,5,3810543,2020-10-15 08:14:11
507,76,0.97,2,5,4070340,2020-10-15 08:16:47
508,74,0.97,1,5,3810692,2020-10-15 08:17:53
509,75,0.96,3,5,166,2020-10-15 08:19:05
510,70,0.97,2,5,3810911,2020-10-15 08:19:55
511,62,0.96,4,5,3811363,2020-10-16 21:47:57
512,79,0.98,2,5,630,2020-10-16 21:49:36
513,83,0.98,1,3,3810568,2020-10-16 21:53:22
514,76,0.96,3,4,3811351,2020-10-16 22:05:37
515,70,0.95,5,5,3810855,2020-10-16 22:06:30
516,74,0.96,4,5,3811095,2020-10-16 22:07:20
517,67,0.94,4,5,327,2020-10-16 22:08:20
518,76,0.96,3,5,4350151,2020-10-16 22:09:36
519,77,0.97,1,5,3810767,2020-10-16 22:10:34
520,82,0.98,1,5,3640089,2020-10-16 22:11:23
521,81,0.97,1,5,3810253,2020-10-16 22:12:01
522,61,0.95,3,5,3622363,2020-10-16 22:13:07
523,78,0.97,2,5,3550124,2020-10-16 22:14:29
524,70,0.95,1,5,3810762,2020-10-16 22:15:06
525,73,0.95,2,5,4180567,2020-10-16 22:16:42
526,71,0.95,3,5,3811363,2020-10-16 22:17:47
527,82,0.98,2,4,4180514,2020-10-16 22:19:14
528,91,0.98,1,5,598,2020-10-16 22:19:57
529,75,0.97,2,5,3810056,2020-10-16 22:21:15
530,74,0.95,3,5,4070246,2020-10-16 22:22:22
531,69,0.96,4,5,3811372,2020-10-16 22:23:22
532,76,0.96,1,5,3621291,2020-10-16 22:24:37
533,73,0.96,3,5,3810821,2020-10-16 22:25:35
534,82,0.99,1,5,4350242,2020-10-17 22:44:58
535,76,0.96,3,5,4180734,2020-10-17 22:46:21
536,88,0.96,4,5,3550327,2020-10-17 22:47:17
537,80,0.97,3,5,484,2020-10-17 22:48:37
538,90,0.98,2,5,41,2020-10-17 22:49:55
539,77,0.95,1,5,4070304,2020-10-17 22:50:47
540,79,0.96,3,5,4180244,2020-10-17 22:52:07
541,67,0.96,2,5,3810095,2020-10-17 22:53:30
542,71,0.96,1,3,3550720,2020-10-17 22:54:26
543,78,0.97,5,5,3641002,2020-10-17 22:55:34
544,82,0.97,3,5,3810972,2020-10-17 22:57:10
545,87,0.97,1,5,3811179,2020-10-17 22:58:35
546,78,0.96,2,5,3810378,2020-10-17 23:01:10
547,75,0.97,4,4,4060143,2020-10-18 08:54:17
548,70,0.97,2,5,3640670,2020-10-18 09:08:48
549,87,0.97,3,5,3810784,2020-10-18 09:19:01
550,77,0.96,2,4,89,2020-10-18 09:20:39
551,73,0.96,1,5,3810377,2020-10-18 09:21:28
552,73,0.97,1,5,3641039,2020-10-18 09:22:41
553,74,0.97,2,4,3810851,2020-10-18 09:24:07
554,85,0.97,2,5,3620456,2020-10-18 09:24:45
555,85,0.97,1,5,3810006,2020-10-18 09:25:27
556,86,0.97,2,5,4350335,2020-10-18 09:26:16
557,71,0.96,1,5,4180165,2020-10-18 09:27:40
558,77,0.96,2,5,759,2020-10-18 09:29:08
559,74,0.96,1,5,3810564,2020-10-18 09:29:58
560,74,0.96,1,4,4180010,2020-10-18 09:32:03
561,73,0.97,2,5,3550640,2020-10-18 09:33:18
562,84,0.97,4,4,3811075,2020-10-18 09:34:32
563,77,0.96,4,5,3811021,2020-10-18 09:36:26
564,78,0.97,4,5,3641097,2020-10-18 09:37:25
565,63,0.95,3,5,3810638,2020-10-18 09:38:17
566,75,0.95,3,5,3621102,2020-10-18 09:38:58
567,78,0.97,1,5,3640999,2020-10-18 09:40:36
568,68,0.96,2,5,611,2020-10-18 09:41:54
569,68,0.97,1,5,3640313,2020-10-18 09:42:36
570,79,0.97,1,5,3810119,2020-10-18 09:43:23
571,82,0.95,1,5,4180656,2020-10-18 09:44:19
572,74,0.96,1,5,3551211,2020-10-18 18:40:41
573,80,0.96,3,5,3810202,2020-10-18 18:57:47
574,75,0.97,2,5,3620981,2020-10-20 01:54:33
575,66,0.95,2,4,4180204,2020-10-20 13:35:35
576,74,0.98,1,5,3810807,2020-10-20 13:36:14
577,82,0.97,1,5,4070283,2020-10-20 13:37:05
578,61,0.95,4,5,200,2020-10-20 13:47:31
579,76,0.96,1,5,3620207,2020-10-20 13:56:05
580,72,0.97,5,5,4350261,2020-10-20 13:58:20
581,79,0.96,2,4,505,2020-10-20 13:59:50
582,73,0.96,5,5,3550435,2020-10-20 14:01:21
583,75,0.96,2,5,3550058,2020-10-20 14:02:29
584,80,0.97,2,5,3622213,2020-10-20 14:03:27
585,83,0.96,1,4,3550800,2020-10-20 14:05:11
586,78,0.97,3,4,4060109,2020-10-20 14:06:37
587,77,0.97,2,4,3811295,2020-10-20 14:07:42
588,76,0.97,3,5,3640318,2020-10-20 14:08:30
589,78,0.97,2,5,3640816,2020-10-20 14:09:12
590,75,0.97,2,5,3810048,2020-10-20 14:10:06
591,72,0.96,1,5,3620239,2020-10-20 14:12:28
592,79,0.97,1,4,16,2020-10-20 14:13:37
593,66,0.96,2,5,637,2020-10-20 14:14:23
594,74,0.95,1,5,3950000,2020-10-20 14:15:09
595,83,0.95,2,5,4350103,2020-10-20 14:15:51
596,80,0.98,1,4,3550653,2020-10-20 14:16:43
597,74,0.96,1,5,4060273,2020-10-20 14:18:01
598,80,0.97,2,4,3550617,2020-10-20 14:19:02
599,86,0.98,1,5,4350523,2020-10-20 14:20:05
600,69,0.96,4,4,3810682,2020-10-20 14:21:11
601,79,0.94,2,5,3622279,2020-10-22 12:42:50
602,78,0.95,1,5,3811028,2020-10-22 12:44:53
603,86,0.98,2,5,3550145,2020-10-22 12:46:16
604,69,0.94,3,5,3810627,2020-10-22 12:48:36
605,86,0.97,1,4,2860001,2020-10-22 12:49:50
606,81,0.96,2,5,4350394,2020-10-22 12:50:44
607,94,0.97,3,5,294,2020-10-22 12:51:32
608,79,0.96,1,5,3550264,2020-10-22 12:52:59
609,77,0.97,1,5,3620914,2020-10-25 00:56:17
610,72,0.96,4,5,3550514,2020-10-25 00:57:55
611,87,0.99,4,5,3620300,2020-10-25 00:58:45
612,90,0.97,3,5,3810012,2020-10-25 00:59:29
613,80,0.96,2,5,456,2020-10-25 01:02:30
614,66,0.97,4,5,3810992,2020-10-25 09:16:12
615,63,0.96,1,4,3810574,2020-10-25 09:17:13
616,73,0.96,3,5,3550245,2020-10-25 09:17:52
617,81,0.96,2,5,3550613,2020-10-25 09:18:32
618,73,0.97,2,5,3622195,2020-10-25 09:20:37
619,77,0.97,1,5,115,2020-10-25 09:23:00
620,81,0.97,3,4,526,2020-10-25 16:30:58
621,59,0.94,3,5,3100101,2020-10-25 16:32:44
622,68,0.95,1,4,4060094,2020-10-25 16:33:47
623,86,0.99,1,5,4180333,2020-10-25 16:35:01
624,67,0.95,4,5,3640484,2020-10-25 16:36:37
625,81,0.97,3,5,4180084,2020-10-25 16:37:33
626,78,0.96,1,4,317,2020-10-25 16:38:58
627,77,0.97,3,4,155,2020-10-25 16:40:13
628,82,0.97,3,5,4350504,2020-10-25 16:41:55
629,75,0.96,2,5,3622276,2020-10-25 16:43:04
630,72,0.96,1,5,3810682,2020-10-26 09:29:17
631,88,0.98,2,5,3621310,2020-10-26 09:33:34
632,71,0.97,3,4,3811329,2020-10-26 09:34:46
633,78,0.96,3,5,3550283,2020-10-26 09:36:43
634,75,0.95,4,5,3811047,2020-10-26 09:38:35
635,75,0.97,2,4,3810927,2020-10-26 09:39:39
636,77,0.96,2,4,3550718,2020-10-26 09:40:31
637,83,0.97,1,5,3550191,2020-10-26 09:41:09
638,68,0.96,3,4,3621215,2020-10-26 09:47:21
639,76,0.96,3,5,447,2020-10-26 19:07:29
640,74,0.96,3,5,4350264,2020-10-26 21:52:27
641,67,0.96,2,5,147,2020-10-27 18:54:21
642,85,0.97,1,5,4350594,2020-10-27 18:55:55
643,81,0.96,2,5,3640392,2020-10-27 18:57:04
644,81,0.97,1,4,3810132,2020-10-27 18:58:07
645,67,0.95,2,5,401,2020-10-27 18:59:15
646,89,0.98,1,5,3641045,2020-10-27 19:00:46
647,80,0.97,4,5,3622427,2020-10-27 19:02:35
648,80,0.98,2,5,3810294,2020-10-27 19:03:34
649,75,0.96,4,5,3620887,2020-10-27 19:04:15
650,71,0.96,2,3,3622195,2020-10-27 19:06:58
651,80,0.97,1,4,3810633,2020-10-27 19:08:40
652,74,0.96,4,5,3620545,2020-10-27 19:09:54
653,72,0.95,3,5,4350263,2020-10-27 19:11:23
654,79,0.96,3,5,3621195,2020-10-27 19:12:39
655,76,0.96,1,3,3550168,2020-10-27 19:14:12
656,84,0.96,2,5,3810358,2020-10-27 20:43:50
657,85,0.98,2,5,3620742,2020-10-27 20:48:00
658,80,0.97,1,5,3641014,2020-10-27 20:48:55
659,73,0.96,4,5,3810992,2020-10-27 20:49:48
660,85,0.98,2,5,3640512,2020-10-27 20:50:24
661,93,0.98,3,5,402,2020-10-27 20:51:19
662,77,0.96,1,5,3550716,2020-10-27 20:52:15
663,77,0.95,1,5,4070218,2020-10-27 20:53:17
664,67,0.95,2,5,3621328,2020-10-27 20:54:00
665,72,0.95,4,5,3810078,2020-10-28 09:30:40
666,77,0.97,3,5,4070196,2020-10-28 09:31:35
667,80,0.96,3,5,4350312,2020-10-28 09:33:11
668,89,0.97,3,5,4350619,2020-10-28 09:40:24
669,82,0.97,1,4,3640207,2020-10-28 09:42:43
670,85,0.97,3,5,3640228,2020-10-28 09:43:16
671,94,0.98,2,5,1820000,2020-10-28 09:43:56
672,90,0.98,1,5,4350250,2020-10-28 09:44:40
673,83,0.95,3,5,4070281,2020-10-28 09:46:32
674,85,0.96,2,5,4350293,2020-10-28 09:47:16
675,78,0.97,3,5,3640997,2020-10-28 09:48:42
676,83,0.97,4,5,4180778,2020-10-28 09:50:40
677,75,0.96,2,5,3641194,2020-10-29 11:47:33
678,94,0.97,1,5,4180375,2020-10-29 11:48:38
679,79,0.96,2,5,3550448,2020-10-29 11:50:09
680,83,0.96,4,5,3550310,2020-10-29 11:51:06
681,78,0.97,1,5,4180057,2020-10-29 11:54:09
682,86,0.98,2,2,3620632,2020-10-29 11:56:04
683,79,0.97,5,5,3640485,2020-10-29 22:55:21
684,81,0.95,3,5,3100050,2020-10-29 22:57:26
685,68,0.97,1,5,3810496,2020-10-29 22:58:30
686,81,0.97,2,4,4180519,2020-10-29 23:00:17
687,89,0.97,3,5,599,2020-10-29 23:01:27
688,80,0.96,3,5,4180600,2020-10-29 23:02:46
689,77,0.96,5,5,4350345,2020-10-30 22:56:05
690,71,0.96,2,5,4180663,2020-10-30 22:57:55
691,82,0.95,4,4,3810615,2020-10-30 22:58:37
692,76,0.97,2,5,4180140,2020-10-30 22:59:37
693,76,0.96,1,4,3810626,2020-10-30 23:01:24
694,72,0.96,4,5,3810037,2020-10-30 23:03:54
695,91,0.98,3,5,3550311,2020-11-02 12:22:05
696,90,0.98,1,5,3621646,2020-11-02 12:26:07
697,68,0.95,5,5,4060056,2020-11-02 12:27:43
698,82,0.97,2,4,3810411,2020-11-02 22:08:49
699,76,0.96,3,4,3641326,2020-11-02 22:09:43
700,79,0.97,2,5,4180489,2020-11-02 22:11:13
701,80,0.96,3,4,3550215,2020-11-02 22:12:16
702,73,0.95,1,4,3810015,2020-11-02 22:13:22
703,81,0.97,3,5,3621431,2020-11-02 22:14:07
704,81,0.97,3,5,305,2020-11-02 22:15:10
705,59,0.96,4,5,3550539,2020-11-02 22:16:49
706,95,0.99,2,5,3621143,2020-11-02 22:18:37
707,76,0.97,4,5,3810357,2020-11-02 22:19:40
708,79,0.98,3,5,4180828,2020-11-02 22:20:48
709,88,0.98,2,5,121,2020-11-02 22:22:18
710,73,0.96,4,5,3811064,2020-11-02 22:25:56
711,75,0.96,1,4,3810528,2020-11-02 22:27:10
712,73,0.96,1,4,3810020,2020-11-02 22:28:16
713,78,0.96,1,4,430,2020-11-03 00:31:13
714,72,0.96,4,5,3550478,2020-11-03 00:32:25
715,103,0.99,1,5,3620626,2020-11-03 00:33:04
716,90,0.99,1,5,3621588,2020-11-03 00:36:11
717,71,0.96,2,3,3810527,2020-11-03 00:38:25
718,84,0.97,3,5,4350262,2020-11-03 00:39:13
719,83,0.98,1,4,108,2020-11-03 00:40:25
720,73,0.96,3,5,307,2020-11-03 00:41:05
721,73,0.97,2,5,3810482,2020-11-03 00:41:55
722,86,0.97,3,4,3640415,2020-11-03 00:42:34
723,78,0.97,4,5,3640349,2020-11-03 00:43:29
724,77,0.97,2,5,4180474,2020-11-03 00:44:15
725,84,0.97,4,5,4350691,2020-11-03 00:45:14
726,79,0.96,3,5,4060219,2020-11-03 00:46:12
727,76,0.97,1,5,3810367,2020-11-03 00:48:54
728,77,0.96,2,5,3641135,2020-11-03 00:51:03
729,77,0.96,2,4,3811079,2020-11-03 00:52:05
730,76,0.97,1,5,3810530,2020-11-03 00:53:50
731,80,0.96,4,5,3640380,2020-11-03 00:54:34
732,85,0.98,1,5,4350407,2020-11-03 00:55:29
733,81,0.97,1,5,3640211,2020-11-03 00:56:15
734,89,0.98,1,5,3100016,2020-11-03 00:57:05
735,74,0.96,4,5,3810331,2020-11-03 16:06:55
736,66,0.96,3,5,3811356,2020-11-04 14:22:56
737,71,0.95,3,5,22,2020-11-04 14:23:43
738,70,0.96,2,5,3622433,2020-11-04 14:24:51
739,61,0.95,4,5,3550408,2020-11-04 14:26:05
740,77,0.97,2,5,3622234,2020-11-04 14:27:10
741,53,0.95,3,5,3550208,2020-11-04 14:28:22
742,64,0.96,4,5,3622243,2020-11-04 14:29:41
743,60,0.95,3,5,3620280,2020-11-04 14:30:52
744,72,0.96,4,5,4180484,2020-11-04 14:31:48
745,58,0.96,2,5,635,2020-11-04 14:32:54
746,54,0.95,1,2,4180694,2020-11-04 14:34:02
747,72,0.97,1,5,3550653,2020-11-04 14:35:04
748,66,0.96,2,5,4180423,2020-11-04 14:36:18
749,64,0.96,1,5,3100093,2020-11-04 14:37:28
750,73,0.96,4,5,3622338,2020-11-04 14:38:57
751,77,0.98,1,4,3621431,2020-11-04 14:39:43
752,70,0.96,1,5,3550406,2020-11-04 14:44:50
753,58,0.94,1,4,3620994,2020-11-04 20:21:05
754,61,0.95,1,4,3641188,2020-11-04 20:22:27
755,71,0.98,4,5,4350181,2020-11-04 20:23:10
756,79,0.98,3,4,3640142,2020-11-04 20:23:50
757,82,0.97,3,5,3620375,2020-11-04 20:24:31
758,59,0.97,3,5,3641417,2020-11-04 20:25:19
759,53,0.94,2,4,4180781,2020-11-04 20:26:23
760,80,0.97,2,5,4350242,2020-11-04 20:27:34
761,66,0.97,2,4,245,2020-11-04 20:29:08
762,64,0.96,3,5,3621872,2020-11-04 20:31:10
763,69,0.96,4,5,403,2020-11-04 20:32:17
764,68,0.97,1,4,3640702,2020-11-04 20:33:01
765,77,0.97,4,5,3622279,2020-11-04 20:33:44
766,74,0.97,3,4,3640728,2020-11-04 20:34:52
767,71,0.97,5,5,3622238,2020-11-04 20:36:01
768,62,0.96,4,5,4350536,2020-11-04 20:37:14
769,58,0.95,3,4,3810682,2020-11-04 20:38:31
770,69,0.95,3,4,4350509,2020-11-04 20:39:14
771,70,0.93,1,5,3700018,2020-11-04 20:40:04
772,75,0.97,3,5,3810385,2020-11-04 20:40:52
773,65,0.96,2,4,4070115,2020-11-04 22:05:33
774,85,0.97,1,5,4070174,2020-11-04 22:06:19
775,65,0.96,2,5,4180175,2020-11-04 22:07:05
776,77,0.96,1,5,752,2020-11-04 22:08:19
777,71,0.95,3,5,4180394,2020-11-04 22:09:09
778,76,0.96,3,5,3811392,2020-11-04 22:10:21
779,67,0.96,2,5,4070207,2020-11-04 22:11:30
780,74,0.96,4,5,282,2020-11-04 22:13:40
781,83,0.98,2,5,4350250,2020-11-04 22:14:29
782,74,0.97,2,5,3950034,2020-11-04 22:15:58
783,75,0.97,3,5,3810509,2020-11-04 22:16:56
784,78,0.97,1,5,3621451,2020-11-04 22:17:52
785,57,0.95,2,4,4180091,2020-11-04 22:19:09
786,72,0.96,4,5,89,2020-11-05 11:58:09
787,76,0.96,2,4,4350160,2020-11-05 12:01:04
788,69,0.95,1,5,3550337,2020-11-05 12:01:51
789,75,0.96,2,5,4180165,2020-11-05 12:03:02
790,60,0.94,3,5,4350259,2020-11-05 19:16:35
791,61,0.95,2,4,3811064,2020-11-05 19:18:14
792,75,0.97,4,5,3622364,2020-11-05 19:19:19
793,82,0.96,3,4,4180778,2020-11-05 19:21:18
794,63,0.96,1,5,3640871,2020-11-05 19:22:36
795,66,0.96,4,5,346,2020-11-05 19:23:41
796,61,0.96,3,5,3622423,2020-11-05 19:25:07
797,76,0.98,4,5,3100032,2020-11-05 19:26:11
798,68,0.95,2,4,3810757,2020-11-05 19:28:43
799,67,0.96,4,4,3620194,2020-11-05 19:30:11
800,73,0.96,4,5,4070303,2020-11-05 19:31:11
801,78,0.97,2,3,3811353,2020-11-05 19:32:06
802,62,0.95,1,5,3810133,2020-11-05 19:32:52
803,65,0.96,2,5,3640278,2020-11-05 19:33:49
804,71,0.97,1,5,3641358,2020-11-05 19:35:29
805,72,0.96,1,5,3550044,2020-11-05 19:36:38
806,68,0.96,1,5,3640935,2020-11-05 19:37:47
807,86,0.97,1,4,3622380,2020-11-05 19:38:35
808,82,0.97,1,4,3641096,2020-11-05 19:39:36
809,77,0.96,1,3,3620739,2020-11-05 19:40:32
810,72,0.97,3,5,3810357,2020-11-05 19:41:30
811,60,0.95,3,5,3810840,2020-11-05 19:42:35
812,77,0.96,3,5,3810597,2020-11-05 19:43:15
813,75,0.96,3,5,4180800,2020-11-05 19:44:29
814,79,0.97,2,4,4180591,2020-11-05 19:45:18
815,67,0.95,1,4,4350419,2020-11-06 15:18:38
816,85,0.97,3,4,4060068,2020-11-06 15:19:17
817,63,0.95,2,5,3640766,2020-11-06 15:20:30
818,67,0.95,3,5,3641329,2020-11-06 15:22:18
819,79,0.97,2,5,3100012,2020-11-06 15:23:50
820,72,0.97,5,5,3620202,2020-11-06 15:25:03
821,90,0.98,4,5,3811017,2020-11-06 15:25:41
822,69,0.95,5,5,3810481,2020-11-06 15:26:39
823,91,0.97,1,5,3622443,2020-11-06 15:27:23
824,64,0.95,3,4,3810153,2020-11-07 11:45:28
825,58,0.95,3,5,3810167,2020-11-07 11:46:40
826,81,0.98,2,5,3810784,2020-11-07 11:47:40
827,69,0.97,2,5,3810829,2020-11-07 11:48:47
828,63,0.95,4,5,3620979,2020-11-07 11:50:25
829,75,0.97,1,5,3620234,2020-11-07 11:51:12
830,75,0.97,4,4,4060106,2020-11-07 11:52:58
831,73,0.96,1,5,3622411,2020-11-07 11:54:24
832,79,0.96,1,5,4180540,2020-11-07 11:55:52
833,82,0.97,1,5,3810858,2020-11-07 11:56:37
834,68,0.96,3,4,278,2020-11-07 11:57:58
835,75,0.96,4,5,4350291,2020-11-07 11:58:59
836,80,0.96,4,5,4350332,2020-11-07 11:59:56
837,65,0.95,3,5,4350436,2020-11-07 12:00:48
838,64,0.95,4,5,39,2020-11-07 12:01:55
839,66,0.95,2,4,3622381,2020-11-07 12:06:04
840,75,0.97,2,5,3810300,2020-11-07 12:06:54
841,63,0.96,4,5,4180171,2020-11-07 12:07:35
842,85,0.98,2,5,230,2020-11-07 18:37:21
843,67,0.95,3,5,3810836,2020-11-07 18:38:19
844,70,0.96,1,5,3550907,2020-11-07 18:40:09
845,73,0.95,3,5,3810310,2020-11-07 18:41:12
846,81,0.97,3,5,4180579,2020-11-07 18:42:14
847,83,0.97,1,5,4350681,2020-11-07 18:42:59
848,75,0.96,2,5,3811125,2020-11-07 18:44:39
849,63,0.95,3,5,3621432,2020-11-07 18:45:46
850,70,0.95,5,5,3950003,2020-11-07 18:46:57
851,75,0.97,2,5,3810539,2020-11-07 18:47:56
852,66,0.96,4,5,4350084,2020-11-07 18:48:58
853,79,0.95,3,5,4180732,2020-11-07 18:49:44
854,74,0.96,3,5,4180635,2020-11-07 18:50:30
855,75,0.95,2,5,3640501,2020-11-07 18:51:38
856,85,0.98,2,5,3621110,2020-11-07 18:52:15
857,73,0.97,2,3,3811112,2020-11-07 18:53:33
858,81,0.96,1,5,4180248,2020-11-07 18:54:37
859,87,0.98,1,5,3810794,2020-11-07 18:55:38
860,86,0.98,2,5,3640949,2020-11-07 23:37:00
861,75,0.97,4,5,4180052,2020-11-07 23:38:01
862,77,0.96,3,4,4180294,2020-11-07 23:38:46
863,82,0.97,3,5,3621991,2020-11-07 23:39:37
864,74,0.95,1,5,136,2020-11-07 23:40:36
865,87,0.98,1,5,4180733,2020-11-07 23:41:40
866,76,0.94,1,5,3550919,2020-11-11 21:01:42
867,74,0.95,1,5,4070225,2020-11-11 21:02:52
868,68,0.95,3,5,3811107,2020-11-11 21:03:44
869,71,0.96,2,5,3550884,2020-11-11 21:04:25
870,77,0.96,1,4,3550175,2020-11-11 21:05:37
871,63,0.95,3,4,4180145,2020-11-11 21:06:35
872,82,0.96,3,5,4350362,2020-11-11 21:07:31
873,78,0.97,2,5,4180737,2020-11-11 21:08:10
874,80,0.98,1,5,3621113,2020-11-11 21:08:59
875,78,0.97,2,5,3620336,2020-11-11 21:10:07
876,67,0.96,1,4,3641137,2020-11-11 21:11:07
877,75,0.97,3,5,4350646,2020-11-11 21:12:29
878,83,0.98,1,4,4180070,2020-11-11 21:13:50
879,77,0.97,4,5,3641177,2020-11-11 21:14:14
880,77,0.96,3,5,4180050,2020-11-11 21:15:04
881,93,0.98,1,5,3640107,2020-11-11 21:15:40
882,74,0.96,4,5,3640763,2020-11-11 21:16:59
883,88,0.97,2,5,4350437,2020-11-11 21:18:25
884,93,0.98,3,5,3620688,2020-11-11 21:19:07
885,85,0.97,3,4,3550552,2020-11-11 21:20:08
886,76,0.96,3,5,3640332,2020-11-12 15:14:56
887,73,0.95,4,4,320,2020-11-12 15:15:50
888,93,0.98,3,5,3621166,2020-11-12 15:16:30
889,85,0.97,2,4,4350699,2020-11-12 15:19:10
890,66,0.96,1,4,3700020,2020-11-12 15:20:05
891,81,0.96,3,5,4070255,2020-11-12 15:22:45
892,80,0.96,1,4,3641226,2020-11-12 15:25:09
893,64,0.95,3,5,3622369,2020-11-12 15:27:21
894,80,0.95,1,5,3620633,2020-11-12 15:28:08
895,83,0.97,1,5,3550150,2020-11-12 15:29:17
896,82,0.96,3,5,4180192,2020-11-12 15:30:19
897,78,0.95,3,5,3641168,2020-11-12 15:31:09
898,78,0.96,1,4,147,2020-11-12 15:32:12
899,80,0.97,2,4,3620268,2020-11-12 15:33:34
900,72,0.95,4,5,3550102,2020-11-12 15:34:25
901,91,0.98,1,5,3620258,2020-11-12 15:35:06
902,87,0.96,4,5,3550009,2020-11-12 15:36:06
903,95,0.99,2,5,368,2020-11-12 15:36:56
904,88,0.97,1,5,3640360,2020-11-12 15:41:02
905,70,0.94,2,5,374,2020-11-12 15:42:31
906,63,0.95,3,4,3550371,2020-11-12 23:29:34
907,70,0.94,3,4,3811044,2020-11-12 23:30:51
908,78,0.96,2,5,3810784,2020-11-12 23:31:52
909,72,0.96,3,5,3810149,2020-11-12 23:32:55
910,79,0.97,1,5,3550384,2020-11-12 23:33:44
911,85,0.97,5,5,3550038,2020-11-12 23:34:41
912,87,0.98,1,4,3622170,2020-11-15 23:42:48
913,74,0.96,5,5,3641133,2020-11-15 23:43:51
914,76,0.96,2,5,4350662,2020-11-15 23:45:14
915,75,0.96,2,5,3100012,2020-11-15 23:46:47
916,79,0.96,4,5,3621166,2020-11-15 23:47:32
917,73,0.97,1,5,4180452,2020-11-15 23:49:19
918,76,0.96,4,5,4070087,2020-11-15 23:50:45
919,82,0.97,3,5,3810824,2020-11-15 23:51:40
920,90,0.97,1,4,3641093,2020-11-15 23:52:37
921,77,0.96,2,5,4180111,2020-11-15 23:53:35
922,70,0.96,3,5,3550377,2020-11-15 23:54:37
923,74,0.96,4,5,4350337,2020-11-15 23:55:40
924,58,0.96,4,5,3810483,2020-11-16 11:37:51
925,77,0.96,3,5,3811456,2020-11-16 11:39:18
926,81,0.97,1,5,3551331,2020-11-16 11:40:53
927,73,0.96,3,5,3810202,2020-11-16 11:41:57
928,66,0.95,3,5,4180071,2020-11-16 12:14:40
929,75,0.96,3,5,4180564,2020-11-16 12:15:21
930,74,0.95,3,5,3100040,2020-11-16 12:16:15
931,89,0.96,1,5,3810400,2020-11-16 12:16:54
932,93,0.98,2,5,3811404,2020-11-16 12:17:36
933,81,0.97,1,5,3810701,2020-11-16 12:18:39
934,68,0.95,3,5,82,2020-11-16 12:19:51
935,71,0.95,5,5,505,2020-11-16 12:20:54
936,75,0.96,3,5,3810662,2020-11-16 12:22:22
937,81,0.97,5,5,4180450,2020-11-16 12:23:23
938,81,0.97,2,5,3810507,2020-11-16 12:24:06
939,78,0.96,4,5,3810567,2020-11-16 12:24:46
940,81,0.97,5,5,319,2020-11-16 12:25:21
941,64,0.95,4,4,4060096,2020-11-16 12:26:12
942,90,0.99,2,5,3550902,2020-11-16 12:26:57
943,75,0.97,1,5,3810818,2020-11-16 12:27:57
944,80,0.97,3,5,3550478,2020-11-16 12:28:59
945,75,0.97,1,4,4180041,2020-11-16 12:30:10
946,88,0.99,1,5,4060018,2020-11-16 12:31:00
947,85,0.99,2,5,3622344,2020-11-16 12:31:57
948,79,0.98,3,4,634,2020-11-16 12:33:20
949,61,0.95,2,4,4060095,2020-11-16 12:34:14
950,75,0.98,3,5,3810424,2020-11-16 12:35:07
951,83,0.98,1,5,3620850,2020-11-16 12:36:10
952,76,0.98,3,4,4350282,2020-11-16 12:37:07
953,76,0.98,2,5,3811176,2020-11-16 12:38:04
954,88,0.99,4,5,4070147,2020-11-16 12:38:56
955,69,0.97,5,5,4060025,2020-11-16 12:39:45
956,73,0.96,3,5,4180315,2020-11-16 12:40:53
957,71,0.96,1,5,1,2020-11-16 12:42:28
958,81,0.97,3,5,3622358,2020-11-18 00:26:53
959,69,0.97,5,5,3621216,2020-11-18 00:27:54
960,65,0.95,2,5,3621844,2020-11-18 00:29:46
961,76,0.97,4,4,3550093,2020-11-18 00:30:41
962,73,0.96,4,4,4350588,2020-11-18 00:37:14
963,77,0.96,2,5,3550249,2020-11-18 00:38:09
964,76,0.98,3,4,4060139,2020-11-18 00:39:07
965,82,0.98,1,5,3620273,2020-11-18 00:40:25
966,69,0.96,4,5,3640998,2020-11-18 09:07:53
967,78,0.95,4,5,3620889,2020-11-18 09:11:01
968,76,0.96,1,5,3811392,2020-11-18 09:12:14
969,79,0.96,1,5,3620376,2020-11-18 09:13:31
970,79,0.96,2,5,3641368,2020-11-18 09:16:24
971,88,0.97,1,5,4350666,2020-11-18 09:17:44
972,90,0.99,1,5,4180263,2020-11-18 09:18:33
973,76,0.96,4,5,3550610,2020-11-18 09:20:01
974,69,0.95,3,5,4350473,2020-11-18 09:20:55
975,77,0.97,4,5,103,2020-11-18 09:21:54
976,82,0.96,4,5,643,2020-11-18 09:22:57
977,74,0.96,1,5,3550007,2020-11-18 09:23:51
978,76,0.97,2,5,3621234,2020-11-18 09:24:40
979,77,0.96,3,4,3641215,2020-11-18 09:26:46
980,78,0.96,3,5,3640334,2020-11-18 18:48:22
981,89,0.97,2,5,3550029,2020-11-18 18:51:38
982,77,0.95,5,5,3100009,2020-11-18 18:52:28
983,73,0.96,1,5,4350328,2020-11-18 18:55:36
984,78,0.97,3,5,4350605,2020-11-18 18:57:32
985,83,0.97,3,5,101,2020-11-18 18:58:24
986,71,0.96,2,5,1970022,2020-11-18 19:03:04
987,81,0.97,4,5,3640443,2020-11-18 19:03:52
988,81,0.97,1,5,3622259,2020-11-18 19:04:54
989,71,0.96,2,5,494,2020-11-18 19:06:14
990,77,0.97,1,4,3810866,2020-11-18 19:07:49
991,69,0.95,3,4,3811330,2020-11-18 19:10:12
992,78,0.96,4,5,4180049,2020-11-18 19:11:13
993,98,0.98,2,5,3622442,2020-11-18 19:11:50
994,86,0.97,2,5,4180490,2020-11-18 19:12:57
995,83,0.97,1,5,3811058,2020-11-18 19:15:04
996,86,0.97,1,5,3622355,2020-11-18 19:16:29
997,69,0.95,3,5,4350352,2020-11-18 19:18:45
998,78,0.97,3,4,3640996,2020-11-18 19:20:00
999,77,0.95,3,5,3810955,2020-11-18 19:20:45
1000,84,0.96,1,4,4060261,2020-11-18 19:22:20
1001,87,0.97,2,5,3620009,2020-11-19 16:07:12
1002,84,0.96,1,3,4180650,2020-11-19 16:08:41
1003,77,0.96,2,5,4350462,2020-11-19 16:09:25
1004,72,0.94,3,5,3810149,2020-11-19 16:10:32
1005,87,0.97,1,5,4180141,2020-11-19 16:11:45
1006,85,0.96,3,5,3620889,2020-11-19 16:14:23
1007,78,0.96,1,4,3641129,2020-11-19 16:15:27
1008,86,0.98,2,5,3550100,2020-11-19 16:16:47
1009,75,0.96,3,4,3810740,2020-11-19 16:18:50
1010,72,0.96,3,5,3621638,2020-11-19 16:21:10
1011,71,0.95,5,5,147,2020-11-20 14:23:59
1012,78,0.96,4,5,3640507,2020-11-20 14:26:25
1013,83,0.97,1,5,4180540,2020-11-20 14:27:52
1014,85,0.97,1,5,4070143,2020-11-20 14:29:05
1015,87,0.97,3,4,3550274,2020-11-20 14:30:08
1016,79,0.95,2,5,3550708,2020-11-20 14:31:13
1017,88,0.98,1,5,3620302,2020-11-20 14:32:00
1018,94,0.98,2,5,4350407,2020-11-20 14:32:56
1019,84,0.98,1,5,3641055,2020-11-20 14:35:45
1020,87,0.96,4,5,2860000,2020-11-20 14:36:58
1021,71,0.95,2,5,3640775,2020-11-21 08:55:17
1022,78,0.96,3,4,4180603,2020-11-21 12:38:14
1023,88,0.98,3,5,3550706,2020-11-21 12:38:54
1024,75,0.95,2,4,3810331,2020-11-21 12:40:04
1025,72,0.96,4,5,3550236,2020-11-21 12:40:44
1026,70,0.93,2,5,3641143,2020-11-21 12:41:35
1027,98,0.98,2,5,3621110,2020-11-21 12:42:10
1028,83,0.96,2,5,4350209,2020-11-21 12:43:16
1029,87,0.97,1,4,4180228,2020-11-21 12:44:26
1030,86,0.97,1,5,3550314,2020-11-21 12:46:15
1031,80,0.97,2,5,629,2020-11-21 12:47:34
1032,77,0.97,1,4,3810870,2020-11-22 00:41:33
1033,69,0.95,3,4,3810542,2020-11-22 00:42:35
1034,79,0.96,2,4,4180324,2020-11-22 00:45:39
1035,74,0.96,3,5,3550744,2020-11-22 00:47:30
1036,77,0.96,3,5,4180714,2020-11-22 00:48:23
1037,91,0.98,1,5,3620009,2020-11-22 00:49:03
1038,86,0.96,2,5,3550206,2020-11-22 00:49:47
1039,74,0.96,3,4,3621449,2020-11-22 00:51:20
1040,67,0.96,2,5,4180214,2020-11-22 00:51:59
1041,79,0.96,2,5,4350376,2020-11-22 00:52:59
1042,67,0.97,4,4,4350064,2020-11-22 15:11:40
1043,84,0.96,1,5,3550479,2020-11-24 21:03:02
1044,84,0.96,2,4,4350619,2020-11-24 21:03:57
1045,93,0.97,2,4,4180136,2020-11-24 21:05:00
1046,76,0.96,1,4,3622197,2020-11-24 21:06:00
1047,80,0.96,1,3,4180541,2020-11-24 21:07:07
1048,83,0.96,3,5,3810697,2020-11-24 21:08:33
1049,94,0.97,3,5,3100067,2020-11-24 21:09:07
1050,75,0.96,3,5,4350648,2020-11-24 21:10:50
1051,78,0.95,2,5,151,2020-11-24 21:12:02
1052,76,0.96,4,5,3641087,2020-11-24 21:13:20
1053,73,0.96,4,5,4350221,2020-11-27 14:59:53
1054,75,0.96,1,5,4180634,2020-11-27 15:01:27
1055,85,0.97,1,5,3810188,2020-11-27 15:02:08
1056,71,0.95,4,4,3810992,2020-11-27 15:03:00
1057,75,0.95,3,4,3640647,2020-11-27 15:04:02
1058,78,0.96,2,5,4350170,2020-11-27 15:04:46
1059,80,0.96,1,3,3641074,2020-11-27 15:06:20
1060,80,0.97,1,4,3810929,2020-11-27 15:07:22
1061,76,0.96,3,5,3810711,2020-11-27 15:08:56
1062,81,0.96,3,5,3811193,2020-11-27 15:10:01
1063,82,0.96,4,5,4070281,2020-11-27 15:10:49
1064,88,0.97,2,5,4350469,2020-11-27 15:11:42
1065,73,0.96,2,5,3810412,2020-11-27 15:12:51
1066,80,0.96,2,5,3640445,2020-11-27 15:13:35
1067,82,0.96,2,5,3640282,2020-11-27 15:15:00
1068,67,0.95,3,5,243,2020-11-27 15:19:12
1069,79,0.96,1,5,3621524,2020-11-27 15:20:07
1070,86,0.98,1,4,3810110,2020-11-27 15:22:25
1071,71,0.96,3,4,4180803,2020-11-27 15:23:52
1072,86,0.96,1,5,4060041,2020-11-27 15:24:59
1073,81,0.96,3,5,3640229,2020-11-27 15:25:45
1074,82,0.96,3,5,3640329,2020-11-27 15:26:33
1075,79,0.95,2,5,3100014,2020-11-27 15:27:36
1076,82,0.97,1,4,3811145,2020-11-27 15:29:22
1077,88,0.98,2,5,3100051,2020-11-27 15:30:08
1078,104,0.98,1,5,3641070,2020-11-27 15:30:47
1079,59,0.95,2,5,4060136,2020-11-27 15:31:31
1080,82,0.95,4,5,4180477,2020-11-27 15:33:41
1081,65,0.95,3,4,3550293,2020-11-28 10:14:47
1082,76,0.95,1,4,3810062,2020-11-28 10:15:53
1083,95,0.98,2,5,4180445,2020-11-28 10:16:43
1084,73,0.95,3,4,3622191,2020-11-28 10:17:34
1085,84,0.97,1,5,3640089,2020-11-28 10:18:24
1086,78,0.96,2,5,4180177,2020-11-28 10:19:56
1087,79,0.97,3,4,3550387,2020-11-28 10:21:19
1088,73,0.95,1,5,3550806,2020-11-28 10:21:58
1089,68,0.94,1,4,3622366,2020-11-28 10:23:04
1090,72,0.96,2,5,4350615,2020-11-28 10:24:06
1091,72,0.96,4,5,3811443,2020-11-28 10:25:20
1092,82,0.96,2,5,4180758,2020-11-28 10:26:05
1093,90,0.96,1,5,86,2020-11-28 10:26:54
1094,76,0.95,2,5,3550078,2020-11-28 10:27:59
1095,86,0.97,1,5,3550409,2020-11-28 10:28:57
1096,74,0.96,1,4,3620251,2020-11-28 10:29:36
1097,87,0.96,2,5,3550269,2020-11-28 10:30:12
1098,79,0.97,5,5,3641326,2020-11-28 10:40:30
1099,70,0.96,4,5,3550292,2020-11-30 14:17:08
1100,72,0.95,4,5,340,2020-11-30 14:18:11
1101,76,0.96,2,5,3100077,2020-11-30 14:19:05
1102,70,0.95,3,5,4180071,2020-11-30 14:20:02
1103,82,0.97,1,5,3810209,2020-11-30 14:20:50
1104,72,0.95,2,4,3641419,2020-11-30 14:22:10
1105,71,0.95,2,4,3641061,2020-11-30 14:23:00
1106,76,0.96,2,5,3621805,2020-11-30 14:23:52
1107,73,0.95,3,5,3810498,2020-11-30 14:24:42
1108,71,0.96,3,5,3810975,2020-11-30 14:25:37
1109,85,0.98,1,5,717,2020-11-30 14:26:38
1110,80,0.97,1,4,4180355,2020-11-30 14:27:58
1111,83,0.96,1,5,492,2020-11-30 14:28:40
1112,91,0.98,1,5,3810134,2020-11-30 14:29:28
1113,75,0.95,1,5,4070274,2020-11-30 14:31:21
1114,78,0.96,2,5,3950002,2020-11-30 14:32:15
1115,81,0.96,3,5,3620397,2020-11-30 14:32:58
1116,73,0.96,4,5,4070312,2020-11-30 14:33:55
1117,79,0.96,4,5,3550203,2020-11-30 14:34:53
1118,81,0.97,3,5,3811056,2020-11-30 14:36:02
1119,77,0.95,2,5,4180775,2020-11-30 14:37:43
1120,87,0.97,1,4,4350397,2020-11-30 14:38:45
1121,76,0.96,3,5,348,2020-12-02 14:01:05
1122,68,0.94,4,5,3622332,2020-12-02 14:01:49
1123,94,0.98,1,5,4180305,2020-12-02 14:02:31
1124,80,0.97,1,4,3621835,2020-12-02 14:03:17
1125,86,0.96,1,5,4060009,2020-12-02 14:04:09
1126,77,0.95,4,5,3640964,2020-12-02 14:08:22
1127,86,0.97,4,5,3550522,2020-12-02 14:12:10
1128,77,0.96,1,5,3550581,2020-12-02 14:13:30
1129,74,0.95,4,5,3620495,2020-12-02 14:16:20
1130,79,0.96,3,5,3550073,2020-12-02 14:17:14
1131,79,0.96,2,4,3640953,2020-12-03 21:40:41
1132,78,0.96,1,4,4060128,2020-12-03 21:41:31
1133,80,0.96,3,5,3810376,2020-12-03 21:42:32
1134,84,0.97,2,5,3641366,2020-12-03 21:43:54
1135,87,0.97,4,4,3641056,2020-12-03 21:44:59
1136,101,0.97,1,5,4350431,2020-12-03 21:45:33
1137,82,0.96,3,5,501,2020-12-03 21:46:12
1138,80,0.96,4,5,3640922,2020-12-03 21:46:57
1139,82,0.95,2,4,4060155,2020-12-03 21:48:34
1140,85,0.96,2,5,3640464,2020-12-03 21:49:09
1141,65,0.95,2,5,4350119,2020-12-04 14:34:22
1142,72,0.96,3,5,3810194,2020-12-04 14:35:18
1143,81,0.96,2,3,114,2020-12-04 14:36:26
1144,80,0.97,3,5,283,2020-12-04 14:37:28
1145,88,0.97,2,5,3622367,2020-12-04 14:38:03
1146,88,0.98,1,5,4180016,2020-12-04 14:38:57
1147,78,0.97,3,5,3640155,2020-12-04 16:33:30
1148,89,0.99,1,5,3550706,2020-12-04 16:34:09
1149,73,0.94,4,5,4180295,2020-12-04 16:35:08
1150,77,0.97,1,5,3550380,2020-12-04 16:36:01
1151,84,0.96,2,4,3810339,2020-12-04 16:41:16
1152,70,0.94,3,5,3950039,2020-12-04 16:42:16
1153,85,0.97,2,5,4060020,2020-12-04 16:43:07
1154,82,0.95,3,5,31,2020-12-04 16:44:49
1155,85,0.97,2,5,3100032,2020-12-04 16:45:52
1156,73,0.96,3,4,3100055,2020-12-04 16:47:22
1157,71,0.95,4,5,4070064,2020-12-04 16:48:20
1158,80,0.97,4,5,3622284,2020-12-04 16:51:39
1159,74,0.95,1,4,3810926,2020-12-04 16:53:20
1160,90,0.97,2,5,190,2020-12-04 16:54:14
1161,78,0.95,2,5,3550820,2020-12-04 16:54:56
1162,78,0.96,2,5,3700022,2020-12-04 16:56:03
1163,83,0.96,2,5,3640826,2020-12-04 16:58:42
1164,88,0.97,3,5,3550315,2020-12-04 17:00:14
1165,80,0.97,2,5,4180364,2020-12-04 17:00:49
1166,76,0.95,4,5,75,2020-12-04 17:01:30
1167,80,0.97,5,5,3640386,2020-12-04 17:02:06
1168,75,0.95,2,5,459,2020-12-04 17:03:21
1169,75,0.97,4,5,3621027,2020-12-04 17:05:19
1170,75,0.96,2,5,3550876,2020-12-04 17:06:05
1171,81,0.96,1,5,4180067,2020-12-05 23:36:12
1172,76,0.96,2,5,3811260,2020-12-05 23:37:20
1173,83,0.97,1,5,3810079,2020-12-05 23:38:13
1174,89,0.98,2,4,3810079,2020-12-05 23:38:56
1175,89,0.97,2,5,4350548,2020-12-05 23:39:43
1176,83,0.97,1,5,3810167,2020-12-05 23:40:39
1177,75,0.96,2,5,4070309,2020-12-05 23:41:35
1178,80,0.96,4,5,3550565,2020-12-05 23:43:55
1179,72,0.94,3,4,3622392,2020-12-05 23:45:09
1180,72,0.96,3,5,3622311,2020-12-05 23:45:57
1181,79,0.96,3,5,3810358,2020-12-06 19:56:51
1182,72,0.96,1,4,232,2020-12-06 19:58:31
1183,84,0.96,3,5,3640648,2020-12-06 19:59:20
1184,90,0.97,1,5,4350684,2020-12-06 20:00:02
1185,97,0.98,1,5,601,2020-12-06 20:02:11
1186,85,0.96,2,4,4060231,2020-12-06 20:02:43
1187,89,0.97,2,5,4350462,2020-12-06 20:03:14
1188,83,0.97,2,4,3550139,2020-12-06 20:04:38
1189,89,0.99,4,5,4350088,2020-12-06 20:05:56
1190,78,0.97,2,5,4180243,2020-12-06 20:06:59
1191,88,0.98,2,5,3810023,2020-12-07 22:00:52
1192,92,0.98,1,5,4350293,2020-12-07 22:01:31
1193,96,0.98,2,5,3550619,2020-12-07 22:02:19
1194,85,0.96,2,5,3622360,2020-12-07 22:03:50
1195,84,0.97,3,4,4180201,2020-12-07 22:04:50
1196,79,0.96,2,5,3550340,2020-12-07 22:05:33
1197,91,0.97,2,5,4350312,2020-12-07 22:06:17
1198,75,0.96,4,5,3810659,2020-12-07 22:07:08
1199,78,0.96,3,5,3810548,2020-12-07 22:08:03
1200,81,0.96,2,5,3640428,2020-12-07 22:08:41
1201,72,0.96,1,5,3640872,2020-12-08 19:30:20
1202,81,0.96,1,5,4180632,2020-12-08 19:32:42
1203,73,0.95,2,5,4180638,2020-12-08 19:33:44
1204,80,0.96,1,5,4060127,2020-12-08 19:34:48
1205,83,0.97,2,5,3811449,2020-12-08 19:36:13
1206,83,0.98,1,4,4180417,2020-12-08 19:38:00
1207,90,0.97,1,5,3550332,2020-12-08 19:40:00
1208,73,0.95,5,5,3810384,2020-12-08 19:40:58
1209,77,0.96,3,5,3640530,2020-12-08 19:45:51
1210,77,0.96,3,5,4060232,2020-12-08 19:48:50
1211,76,0.95,1,5,3640992,2020-12-09 16:41:13
1212,77,0.96,3,5,3550907,2020-12-09 16:43:02
1213,69,0.95,3,5,3640511,2020-12-09 16:44:16
1214,75,0.96,2,5,3622346,2020-12-09 21:51:16
1215,77,0.95,3,5,3551605,2020-12-09 21:52:21
1216,79,0.96,2,4,3640943,2020-12-09 21:53:33
1217,97,0.99,1,5,747,2020-12-09 21:54:13
1218,87,0.96,2,4,4180775,2020-12-09 21:55:40
1219,85,0.96,2,4,3811058,2020-12-09 21:57:06
1220,88,0.97,2,5,133,2020-12-09 21:58:33
1221,74,0.96,3,4,3550313,2020-12-09 22:55:35
1222,78,0.96,4,5,3810201,2020-12-09 22:56:31
1223,79,0.96,2,5,3811369,2020-12-09 22:57:24
1224,102,0.97,2,5,4180024,2020-12-09 22:57:55
1225,80,0.96,2,5,3640991,2020-12-09 22:58:58
1226,76,0.95,1,5,559,2020-12-09 22:59:45
1227,84,0.96,2,5,4060007,2020-12-09 23:01:23
1228,91,0.98,2,5,3100008,2020-12-09 23:02:13
1229,85,0.96,1,5,3641158,2020-12-09 23:03:07
1230,79,0.95,1,5,3810576,2020-12-09 23:04:19
